{"loss": [1.0935839414596558, 1.0736546516418457, 1.0418457984924316, 0.9999170303344727, 0.9503310918807983, 0.8979982137680054, 0.8468102216720581, 0.8014651536941528, 0.7640590667724609, 0.730065107345581, 0.7036044001579285, 0.6786906123161316, 0.6586410403251648, 0.6399663686752319, 0.6254328489303589, 0.6133046746253967, 0.6000680923461914, 0.5889153480529785, 0.5805704593658447, 0.5725837349891663, 0.5678837895393372, 0.5584285855293274, 0.5516317486763, 0.5469796657562256, 0.5426979660987854, 0.5351067781448364, 0.5328623056411743, 0.5304599404335022, 0.526488721370697, 0.5242946147918701, 0.5209274291992188, 0.5173786282539368, 0.5147683620452881, 0.5123984217643738, 0.5098658204078674, 0.5069068074226379, 0.5045764446258545, 0.5030660033226013, 0.49976131319999695, 0.49940869212150574, 0.49771901965141296, 0.49578341841697693, 0.49276894330978394, 0.49045753479003906, 0.4904016852378845, 0.48754677176475525, 0.48555654287338257, 0.4851226806640625, 0.48298171162605286, 0.4831508696079254, 0.48169976472854614, 0.4791381359100342, 0.47803667187690735, 0.47605690360069275, 0.47480180859565735, 0.4742470979690552, 0.4726581573486328, 0.47188669443130493, 0.46996450424194336, 0.4682673215866089, 0.46840450167655945, 0.46610376238822937, 0.4655536711215973, 0.4643920958042145, 0.4625519812107086, 0.4637776017189026, 0.4628206193447113, 0.4622594118118286, 0.4620376527309418, 0.460276335477829, 0.4610947072505951, 0.46031028032302856, 0.46078047156333923, 0.4596513509750366, 0.45956870913505554, 0.4590342044830322, 0.4583544135093689, 0.4606836140155792], "categorical_accuracy": [0.36961737275123596, 0.5550849437713623, 0.5987104773521423, 0.624264657497406, 0.6378653049468994, 0.651183545589447, 0.667325496673584, 0.6811143755912781, 0.689538300037384, 0.7053978443145752, 0.7129746675491333, 0.7255870699882507, 0.7347639799118042, 0.7415407299995422, 0.7441761493682861, 0.7509058713912964, 0.7580121159553528, 0.7613534331321716, 0.7638476490974426, 0.7680831551551819, 0.768883228302002, 0.7744834423065186, 0.7772129774093628, 0.77787184715271, 0.7792366147041321, 0.7803190350532532, 0.7880370616912842, 0.7832838892936707, 0.7864840030670166, 0.7870017290115356, 0.7902489304542542, 0.7901548147201538, 0.791660726070404, 0.7953314781188965, 0.7938255667686462, 0.7971668839454651, 0.797590434551239, 0.7986728549003601, 0.801308274269104, 0.7980139851570129, 0.8012141585350037, 0.8027671575546265, 0.8022494912147522, 0.8043201565742493, 0.8026259541511536, 0.804084837436676, 0.8054025769233704, 0.8043201565742493, 0.8082733154296875, 0.8069555759429932, 0.8077555894851685, 0.8079438805580139, 0.8075673580169678, 0.8116146326065063, 0.8094027638435364, 0.8083674311637878, 0.8116616606712341, 0.8130264282226562, 0.8123205304145813, 0.8150030374526978, 0.8142500519752502, 0.8130735158920288, 0.8144382834434509, 0.8160383701324463, 0.8179678916931152, 0.8124617338180542, 0.8161324858665466, 0.8168854713439941, 0.8146265149116516, 0.8161324858665466, 0.8178266882896423, 0.8149089217185974, 0.8168854713439941, 0.8189091086387634, 0.8174972534179688, 0.8172619342803955, 0.8182502388954163, 0.8158971667289734], "f1_score": [0.27335846424102783, 0.5218518972396851, 0.5748208165168762, 0.6044835448265076, 0.6197941303253174, 0.6394671201705933, 0.6596930623054504, 0.6750541925430298, 0.6845029592514038, 0.700635552406311, 0.7092056274414062, 0.7222141027450562, 0.7316513061523438, 0.7388428449630737, 0.7417997121810913, 0.7486847639083862, 0.7561463713645935, 0.7596970796585083, 0.7621099948883057, 0.7666869759559631, 0.7674590945243835, 0.7732620239257812, 0.7761409282684326, 0.7767394781112671, 0.7782794237136841, 0.7792278528213501, 0.7871699333190918, 0.782477080821991, 0.7856428027153015, 0.7862111330032349, 0.7896168231964111, 0.7894766330718994, 0.7909225225448608, 0.7946739196777344, 0.793282151222229, 0.796629786491394, 0.7968838214874268, 0.7980729341506958, 0.8008589744567871, 0.7974824905395508, 0.8006614446640015, 0.8022060394287109, 0.8017675876617432, 0.8039771318435669, 0.802069902420044, 0.8037196397781372, 0.804979681968689, 0.8038985729217529, 0.8079228401184082, 0.8065977692604065, 0.8073997497558594, 0.8075486421585083, 0.8072850108146667, 0.8113272190093994, 0.8091138601303101, 0.808025598526001, 0.8113179206848145, 0.8128117918968201, 0.8120397329330444, 0.8147732019424438, 0.8138983249664307, 0.8127529621124268, 0.8141763210296631, 0.8157626390457153, 0.8177825212478638, 0.8122793436050415, 0.8159438371658325, 0.8165946006774902, 0.8144069314002991, 0.8159709572792053, 0.8176784515380859, 0.8147218823432922, 0.8165923357009888, 0.8187499642372131, 0.8173176050186157, 0.8170071840286255, 0.8180975914001465, 0.8157017230987549], "MatthewsCorrelationCoefficient": [[0.39488828, 0.42037392, 0.40908322], [0.39488828, 0.42037392, 0.40908322], [0.39488828, 0.42037392, 0.40908322], [0.39488828, 0.42037392, 0.40908322], [0.39488828, 0.42037392, 0.40908322], [0.39488828, 0.42037392, 0.40908322], [0.39488828, 0.42037392, 0.40908322], [0.39488828, 0.42037392, 0.40908322], [0.39488828, 0.42037392, 0.40908322], [0.39488828, 0.42037392, 0.40908322], [0.39488828, 0.42037392, 0.40908322], [0.39488828, 0.42037392, 0.40908322], [0.39488828, 0.42037392, 0.40908322], [0.39488828, 0.42037392, 0.40908322], [0.39488828, 0.42037392, 0.40908322], [0.39488828, 0.42037392, 0.40908322], [0.39488828, 0.42037392, 0.40908322], [0.39488828, 0.42037392, 0.40908322], [0.39488828, 0.42037392, 0.40908322], [0.39488828, 0.42037392, 0.40908322], [0.39488828, 0.42037392, 0.40908322], [0.39488828, 0.42037392, 0.40908322], [0.39488828, 0.42037392, 0.40908322], [0.39488828, 0.42037392, 0.40908322], [0.39488828, 0.42037392, 0.40908322], [0.39488828, 0.42037392, 0.40908322], [0.39488828, 0.42037392, 0.40908322], [0.39488828, 0.42037392, 0.40908322], [0.39488828, 0.42037392, 0.40908322], [0.39488828, 0.42037392, 0.40908322], [0.39488828, 0.42037392, 0.40908322], [0.39488828, 0.42037392, 0.40908322], [0.39488828, 0.42037392, 0.40908322], [0.39488828, 0.42037392, 0.40908322], [0.39488828, 0.42037392, 0.40908322], [0.39488828, 0.42037392, 0.40908322], [0.39488828, 0.42037392, 0.40908322], [0.39488828, 0.42037392, 0.40908322], [0.39488828, 0.42037392, 0.40908322], [0.39488828, 0.42037392, 0.40908322], [0.39488828, 0.42037392, 0.40908322], [0.39488828, 0.42037392, 0.40908322], [0.39488828, 0.42037392, 0.40908322], [0.39488828, 0.42037392, 0.40908322], [0.39488828, 0.42037392, 0.40908322], [0.39488828, 0.42037392, 0.40908322], [0.39488828, 0.42037392, 0.40908322], [0.39488828, 0.42037392, 0.40908322], [0.39488828, 0.42037392, 0.40908322], [0.39488828, 0.42037392, 0.40908322], [0.39488828, 0.42037392, 0.40908322], [0.39488828, 0.42037392, 0.40908322], [0.39488828, 0.42037392, 0.40908322], [0.39488828, 0.42037392, 0.40908322], [0.39488828, 0.42037392, 0.40908322], [0.39488828, 0.42037392, 0.40908322], [0.39488828, 0.42037392, 0.40908322], [0.39488828, 0.42037392, 0.40908322], [0.39488828, 0.42037392, 0.40908322], [0.39488828, 0.42037392, 0.40908322], [0.39488828, 0.42037392, 0.40908322], [0.39488828, 0.42037392, 0.40908322], [0.39488828, 0.42037392, 0.40908322], [0.39488828, 0.42037392, 0.40908322], [0.39488828, 0.42037392, 0.40908322], [0.39488828, 0.42037392, 0.40908322], [0.39488828, 0.42037392, 0.40908322], [0.39488828, 0.42037392, 0.40908322], [0.39488828, 0.42037392, 0.40908322], [0.39488828, 0.42037392, 0.40908322], [0.39488828, 0.42037392, 0.40908322], [0.39488828, 0.42037392, 0.40908322], [0.39488828, 0.42037392, 0.40908322], [0.39488828, 0.42037392, 0.40908322], [0.39488828, 0.42037392, 0.40908322], [0.39488828, 0.42037392, 0.40908322], [0.39488828, 0.42037392, 0.40908322], [0.39488828, 0.42037392, 0.40908322]],