{"loss": [1.1121968030929565, 0.826508104801178, 0.686411440372467, 0.6148213744163513, 0.5626757144927979, 0.5331876277923584, 0.49176445603370667, 0.4629197120666504, 0.43678125739097595, 0.4237961769104004, 0.40032994747161865, 0.41127219796180725, 0.37357959151268005, 0.3475021421909332, 0.33146658539772034, 0.3221319913864136, 0.3091231882572174], "categorical_accuracy": [0.4191453158855438, 0.5728068351745605, 0.6646742820739746, 0.717290997505188, 0.7484468817710876, 0.7662367820739746, 0.780308723449707, 0.7990869283676147, 0.8153237700462341, 0.8165944814682007, 0.8300074934959412, 0.8268542885780334, 0.8457266092300415, 0.8576806783676147, 0.863987147808075, 0.8681758046150208, 0.8731174468994141], "f1_score": [0.41073018312454224, 0.5743674039840698, 0.6655260324478149, 0.7179547548294067, 0.7490650415420532, 0.7673277258872986, 0.7811052799224854, 0.7997846603393555, 0.8160940408706665, 0.8172987699508667, 0.8306547403335571, 0.8272590041160583, 0.8461577296257019, 0.8581027984619141, 0.8641806244850159, 0.8683040142059326, 0.8733290433883667], "MatthewsCorrelationCoefficient": [[0.3954633, 0.42041177, 0.4084884], [0.3953145, 0.42071953, 0.40831554], [0.39427137, 0.41976762, 0.410299], [0.39448023, 0.4205517, 0.4092941], [0.39501676, 0.4201878, 0.40915036], [0.39534426, 0.41973954, 0.4092941], [0.3947188, 0.42139015, 0.40820026], [0.39477837, 0.42043972, 0.40912154], [0.39415202, 0.42032778, 0.40983993], [0.39632514, 0.41934693, 0.40874752], [0.3947486, 0.42043972, 0.40915036], [0.3944504, 0.42150182, 0.40834436], [0.39442056, 0.4201318, 0.4097825], [0.39507627, 0.42049572, 0.40877634], [0.39504653, 0.42066354, 0.40863234], [0.39543352, 0.41982365, 0.40912154], [0.39462936, 0.4202718, 0.40943778]], "val_loss": [0.9077528119087219, 0.7215580344200134, 0.6418648362159729, 0.6140552759170532, 0.5709041357040405, 0.5082103610038757, 0.5098292231559753, 0.5066034197807312, 0.49987632036209106, 0.4664314389228821, 0.4814664125442505, 0.5082991719245911, 0.4648563265800476, 0.43297120928764343, 0.4600362777709961, 0.46808910369873047, 0.46432775259017944], "val_categorical_accuracy": [0.5301333665847778, 0.6197333335876465, 0.6959999799728394, 0.7154666781425476, 0.7455999851226807, 0.7749333381652832, 0.7853333353996277, 0.7850666642189026, 0.7965333461761475, 0.8034666776657104, 0.812000036239624, 0.812000036239624, 0.8221333622932434, 0.8312000036239624, 0.8322666883468628, 0.82586669921875, 0.8330667018890381], "val_f1_score": [0.47381657361984253, 0.5753114819526672, 0.6886488199234009, 0.7090907692909241, 0.7480822801589966, 0.7749862670898438, 0.7839410305023193, 0.7863728404045105, 0.7962729930877686, 0.8036056756973267, 0.8104169368743896, 0.8103527426719666, 0.8230456709861755, 0.8319544792175293, 0.8316472768783569, 0.8253519535064697, 0.8341237306594849], "val_MatthewsCorrelationCoefficient": [[0.40513372, 0.41840968, 0.40099877], [0.40513372, 0.41840968, 0.40099877], [0.40513372, 0.41840968, 0.40099877], [0.40513372, 0.41840968, 0.40099877], [0.40513372, 0.41840968, 0.40099877], [0.40513372, 0.41840968, 0.40099877], [0.40513372, 0.41840968, 0.40099877], [0.40513372, 0.41840968, 0.40099877], [0.40513372, 0.41840968, 0.40099877], [0.40513372, 0.41840968, 0.40099877], [0.40513372, 0.41840968, 0.40099877], [0.40513372, 0.41840968, 0.40099877], [0.40513372, 0.41840968, 0.40099877], [0.40513372, 0.41840968, 0.40099877], [0.40513372, 0.41840968, 0.40099877], [0.40513372, 0.41840968, 0.40099877], [0.40513372, 0.41840968, 0.40099877]]}